{
  "name": "Авангард",
  "nameEn": "Avangard",
  "url": "https://www.avangard.ru/",
  "backgroundColor": "#095b34",
  "backgroundColors": [
    "#0f8e52",
    "#095b34"
  ],
  "backgroundLightness": "dark",
  "logoStyle": "white",
  "text": "#fff",
  "prefixes": [
    "220023",
    "403896",
    "403897",
    "403898",
    "404114",
    "419163",
    "419164",
    "470673",
    "470674",
    "470675",
    "478273",
    "518681",
    "522223",
    "522224",
    "531316",
    "533206",
    "535946",
    "539673",
    "558535",
    "676463"
  ]
}
