{
  "name": "Азиатско-Тихоокеанский Банк",
  "nameEn": "Азиатско-Тихоокеанский Банк",
  "url": "https://www.atb.su/",
  "backgroundColor": "#eeeeee",
  "backgroundColors": [
    "#eeeeee",
    "#dea184"
  ],
  "backgroundLightness": "light",
  "logoStyle": "colored",
  "text": "#373a36",
  "prefixes": [
    "419149",
    "419150",
    "419151",
    "419152",
    "419153",
    "428666",
    "458473",
    "458488",
    "458489",
    "458490",
    "478387",
    "530413",
    "532947",
    "542654",
    "544886",
    "670555"
  ]
}
