{
  "name": "Кредит Европа Банк",
  "nameEn": "Credit Europe Bank",
  "url": "https://www.crediteurope.ru/",
  "backgroundColor": "#e0eaf7",
  "backgroundColors": [
    "#e0eaf7",
    "#f7dfdf"
  ],
  "backgroundLightness": "light",
  "logoStyle": "colored",
  "text": "#1c297b",
  "prefixes": [
    "408373",
    "411647",
    "411648",
    "411649",
    "416920",
    "432158",
    "456587",
    "456588",
    "512273",
    "521144",
    "521830",
    "524665",
    "531034",
    "532315",
    "539114",
    "541450",
    "547550",
    "557056",
    "557057",
    "559813",
    "676586"
  ]
}
