{
  "name": "Ситибанк",
  "nameEn": "Citibank",
  "url": "https://www.citibank.ru/",
  "backgroundColor": "#008bd0",
  "backgroundColors": [
    "#00bcf2",
    "#004e90"
  ],
  "backgroundLightness": "dark",
  "logoStyle": "white",
  "text": "#fff",
  "prefixes": [
    "412776",
    "419293",
    "419349",
    "421179",
    "427760",
    "427761",
    "438046",
    "469360",
    "473849",
    "473850",
    "485467",
    "486666",
    "512762",
    "515854",
    "520305",
    "520306",
    "520373",
    "520377",
    "520957",
    "520993",
    "524620",
    "525689",
    "527594",
    "530266",
    "531809",
    "532974",
    "533201",
    "533681",
    "539726",
    "540788",
    "545182",
    "547490",
    "552573",
    "552574",
    "555057",
    "555058"
  ]
}
