{
  "name": "Хоум Кредит Банк",
  "nameEn": "HCF Bank",
  "url": "http://homecredit.ru/",
  "backgroundColor": "#e41701",
  "backgroundColors": [
    "#e41701",
    "#bd1908"
  ],
  "backgroundLightness": "dark",
  "logoStyle": "white",
  "text": "#fff",
  "prefixes": [
    "406364",
    "445433",
    "445434",
    "445435",
    "445436",
    "446098",
    "446915",
    "449572",
    "472445",
    "516444",
    "522199",
    "524835",
    "525933",
    "531327",
    "536500",
    "536511",
    "545762",
    "548745",
    "557734"
  ]
}
