{
  "name": "Московский Индустриальный Банк",
  "nameEn": "Mosсow Industrial Bank",
  "url": "http://www.minbank.ru/",
  "backgroundColor": "#8f0e0f",
  "backgroundColors": [
    "#ce4647",
    "#8f0e0f"
  ],
  "backgroundLightness": "dark",
  "logoStyle": "white",
  "text": "#fff",
  "prefixes": [
    "220020",
    "402326",
    "402327",
    "402328",
    "402549",
    "472480",
    "480938",
    "510154",
    "510511",
    "515587",
    "515739",
    "516356",
    "520113",
    "524853",
    "527792",
    "536466",
    "548351",
    "549870",
    "557071",
    "557072",
    "557986",
    "558462",
    "559456"
  ]
}
