{
  "name": "МТС Банк",
  "nameEn": "MTS Bank",
  "url": "http://www.mtsbank.ru/",
  "backgroundColor": "#de1612",
  "backgroundColors": [
    "#ff0000",
    "#ba0e0a"
  ],
  "backgroundLightness": "dark",
  "logoStyle": "white",
  "text": "#fff",
  "prefixes": [
    "404204",
    "404224",
    "404266",
    "404267",
    "404268",
    "404269",
    "406356",
    "457802",
    "462013",
    "517955",
    "521159",
    "524602",
    "533213",
    "533736",
    "536672",
    "540616",
    "541435",
    "544123",
    "548035",
    "550583",
    "552618",
    "676884",
    "677684"
  ]
}
