{
  "name": "Московский Кредитный Банк",
  "nameEn": "Credit Bank of Moscow",
  "url": "https://mkb.ru/",
  "backgroundColor": "#eeeeee",
  "backgroundColors": [
    "#eeeeee",
    "#f9dee8"
  ],
  "backgroundLightness": "light",
  "logoStyle": "colored",
  "text": "#ae0039",
  "prefixes": [
    "403780",
    "419292",
    "443222",
    "443223",
    "443271",
    "443272",
    "443273",
    "443274",
    "471358",
    "515770",
    "521801",
    "524655",
    "532184",
    "542033",
    "543211",
    "552680",
    "676967"
  ]
}
