{
  "name": "ОТП Банк",
  "nameEn": "OTP Bank",
  "url": "https://www.otpbank.ru/",
  "backgroundColor": "#acff90",
  "backgroundColors": [
    "#acff90",
    "#9edabf"
  ],
  "backgroundLightness": "light",
  "logoStyle": "colored",
  "text": "#006437",
  "prefixes": [
    "402311",
    "402312",
    "402313",
    "409681",
    "419636",
    "432947",
    "432948",
    "432949",
    "436865",
    "459230",
    "515774",
    "516009",
    "517202",
    "521330",
    "522470",
    "526839",
    "529968",
    "531428",
    "533685",
    "545214"
  ]
}
