{
  "name": "Русский Стандарт",
  "nameEn": "Russian Standard Bank",
  "url": "https://www.rsb.ru/",
  "backgroundColor": "#414042",
  "backgroundColors": [
    "#6a656f",
    "#414042"
  ],
  "backgroundLightness": "dark",
  "logoStyle": "white",
  "text": "#fff",
  "prefixes": [
    "360769",
    "375117",
    "411790",
    "417250",
    "417251",
    "417252",
    "417253",
    "417254",
    "417291",
    "419718",
    "437348",
    "444429",
    "457647",
    "483175",
    "483176",
    "483177",
    "486065",
    "510047",
    "510092",
    "513691",
    "522455",
    "522588",
    "524381",
    "533469",
    "533689",
    "534266",
    "542048",
    "544429",
    "545160",
    "547262",
    "548235",
    "676565",
    "677391"
  ]
}
