{
  "name": "Россельхозбанк",
  "nameEn": "Rosselkhozbank",
  "url": "http://www.rshb.ru/",
  "backgroundColor": "#007f2b",
  "backgroundColors": [
    "#007f2b",
    "#005026"
  ],
  "backgroundLightness": "dark",
  "logoStyle": "white",
  "text": "#ffcd00",
  "prefixes": [
    "418384",
    "418385",
    "418386",
    "418387",
    "418388",
    "422608",
    "435986",
    "436100",
    "436104",
    "524448",
    "525446",
    "534162",
    "536409",
    "538010",
    "547601",
    "549715"
  ]
}
