{
  "name": "Райффайзенбанк",
  "nameEn": "Raiffeisenbank bank",
  "url": "https://www.raiffeisen.ru/",
  "backgroundColor": "#efe6a2",
  "backgroundColors": [
    "#eeeeee",
    "#efe6a2"
  ],
  "backgroundLightness": "light",
  "logoStyle": "black",
  "text": "#000",
  "prefixes": [
    "220030",
    "402177",
    "402178",
    "402179",
    "404807",
    "404885",
    "415430",
    "420705",
    "422287",
    "425620",
    "425884",
    "425885",
    "432498",
    "445977",
    "446916",
    "446917",
    "447603",
    "447624",
    "462729",
    "462730",
    "462758",
    "462779",
    "465578",
    "476036",
    "478741",
    "490816",
    "508406",
    "510069",
    "510070",
    "515876",
    "528053",
    "528808",
    "528809",
    "530867",
    "533594",
    "533616",
    "536392",
    "537965",
    "542772",
    "544237",
    "545115",
    "547613",
    "548164",
    "550484",
    "553496",
    "558273",
    "558536",
    "558622",
    "676333",
    "676625"
  ]
}
