{
  "name": "Ренессанс Кредит",
  "nameEn": "Renaissance Capital",
  "url": "https://rencredit.ru/",
  "backgroundColor": "#ffe6f1",
  "backgroundColors": [
    "#ffe6f1",
    "#f9fff1"
  ],
  "backgroundLightness": "light",
  "logoStyle": "colored",
  "text": "#439539",
  "prefixes": [
    "431854",
    "431855",
    "431856",
    "431857",
    "431890",
    "466163",
    "466164",
    "466174",
    "512444",
    "516116",
    "516150",
    "520905",
    "531315",
    "552729",
    "557737",
    "677040"
  ]
}
