{
  "name": "Банк «Санкт-Петербург»",
  "nameEn": "Bank Saint Petersburg",
  "url": "https://www.bspb.ru/",
  "backgroundColor": "#ffcfcf",
  "backgroundColors": [
    "#ffcfcf",
    "#d2553f"
  ],
  "backgroundLightness": "light",
  "logoStyle": "colored",
  "text": "#000",
  "prefixes": [
    "411676",
    "423197",
    "428925",
    "437349",
    "479713",
    "479768",
    "479769",
    "479770",
    "479771",
    "479772",
    "479773",
    "479788",
    "522858",
    "530900",
    "532186",
    "541600",
    "543101",
    "549376"
  ]
}
