{
  "name": "СМП Банк",
  "nameEn": "SMP Bank",
  "url": "http://smpbank.ru/",
  "backgroundColor": "#9fe5ff",
  "backgroundColors": [
    "#9fe5ff",
    "#5ea6d6"
  ],
  "backgroundLightness": "light",
  "logoStyle": "colored",
  "text": "#005288",
  "prefixes": [
    "220488",
    "425693",
    "425694",
    "425695",
    "425696",
    "444238",
    "444239",
    "444240",
    "444241",
    "468596",
    "469670",
    "515764",
    "518820",
    "518884",
    "520920",
    "521326",
    "529295",
    "530036",
    "554524",
    "677175",
    "677366",
    "677518"
  ]
}
