{
  "name": "Совкомбанк",
  "nameEn": "Sovcombank bank",
  "url": "https://sovcombank.ru/",
  "backgroundColor": "#c9e4f6",
  "backgroundColors": [
    "#c9e4f6",
    "#f5fafd"
  ],
  "backgroundLightness": "light",
  "logoStyle": "colored",
  "text": "#004281",
  "prefixes": [
    "402532",
    "402533",
    "402534",
    "418362",
    "418363",
    "418364",
    "421637",
    "421647",
    "422096",
    "422097",
    "424901",
    "424944",
    "427853",
    "522881",
    "529170",
    "530445",
    "533595",
    "546850"
  ]
}
