{
  "name": "Связь-Банк",
  "nameEn": "Sviaz-Bank",
  "url": "https://www.sviaz-bank.ru/",
  "backgroundColor": "#d2e0ec",
  "backgroundColors": [
    "#d2e0ec",
    "#caecd8"
  ],
  "backgroundLightness": "light",
  "logoStyle": "colored",
  "text": "#165a9a",
  "prefixes": [
    "220006",
    "430289",
    "439054",
    "439055",
    "439056",
    "439057",
    "441318",
    "467564",
    "475098",
    "518827",
    "518971",
    "527348",
    "529889",
    "530171",
    "531332",
    "556056",
    "677367"
  ]
}
