{
  "name": "Траст",
  "nameEn": "Trust",
  "url": "http://www.trust.ru/",
  "backgroundColor": "#231f20",
  "backgroundColors": [
    "#403739",
    "#231f20"
  ],
  "backgroundLightness": "dark",
  "logoStyle": "white",
  "text": "#fff",
  "prefixes": [
    "410323",
    "411900",
    "424553",
    "424554",
    "424555",
    "426201",
    "426334",
    "426335",
    "437540",
    "437541",
    "447516",
    "456515",
    "456516",
    "464485",
    "467033",
    "486031",
    "490986",
    "493475",
    "494343",
    "516906",
    "518753",
    "518885",
    "525932",
    "531318",
    "536114",
    "557808",
    "557809",
    "558298",
    "676642",
    "677363"
  ]
}
