{
  "name": "ЮниКредит Банк",
  "nameEn": "UniCredit Bank",
  "url": "https://www.unicreditbank.ru/",
  "backgroundColor": "#250c0c",
  "backgroundColors": [
    "#402727",
    "#250c0c"
  ],
  "backgroundLightness": "dark",
  "logoStyle": "white",
  "text": "#fff",
  "prefixes": [
    "413047",
    "430323",
    "432560",
    "433300",
    "433336",
    "462776",
    "469362",
    "472446",
    "485608",
    "489042",
    "489099",
    "490818",
    "490855",
    "510074",
    "518996",
    "518997",
    "522458",
    "530172",
    "531236",
    "531344",
    "547728",
    "549302",
    "676672"
  ]
}
