{
  "name": "Всероссийский Банк Развития Регионов",
  "nameEn": "Russian Regional Development Bank",
  "url": "https://www.vbrr.ru/",
  "backgroundColor": "#173e6d",
  "backgroundColors": [
    "#4a5e75",
    "#173e6d"
  ],
  "backgroundLightness": "dark",
  "logoStyle": "white",
  "text": "#fff",
  "prefixes": [
    "406140",
    "406141",
    "413203",
    "413204",
    "413205",
    "441273",
    "528249",
    "532356",
    "542751",
    "558713",
    "677649"
  ]
}
