{
  "name": "ВТБ 24",
  "nameEn": "VTB 24",
  "url": "https://www.vtb24.ru/",
  "backgroundColor": "#c4cde4",
  "backgroundColors": [
    "#c4cde4",
    "#9fabcc",
    "#dca9ad"
  ],
  "backgroundLightness": "light",
  "logoStyle": "colored",
  "text": "#0a2972",
  "prefixes": [
    "406744",
    "406977",
    "409398",
    "418831",
    "427229",
    "427230",
    "429565",
    "429749",
    "448331",
    "448343",
    "448344",
    "448346",
    "448369",
    "462235",
    "464787",
    "464842",
    "467058",
    "471487",
    "489327",
    "489347",
    "489348",
    "489349",
    "489350",
    "498629",
    "510144",
    "518591",
    "518640",
    "519304",
    "519998",
    "522598",
    "526589",
    "527883",
    "528154",
    "529025",
    "529938",
    "530184",
    "531233",
    "535082",
    "536829",
    "540169",
    "545224",
    "549223",
    "549270",
    "554386",
    "554393",
    "558518",
    "676800",
    "676802",
    "676803",
    "676805",
    "676845",
    "676851",
    "676860",
    "676861",
    "676888",
    "676893",
    "676896",
    "676939",
    "676974",
    "677194",
    "677271",
    "677470",
    "677471"
  ]
}
