{
  "name": "ВТБ Банк Москвы",
  "nameEn": "VTB Bank",
  "url": "http://www.vtb.ru/",
  "backgroundColor": "#1d2d70",
  "backgroundColors": [
    "#264489",
    "#1d2d70"
  ],
  "backgroundLightness": "dark",
  "logoStyle": "white",
  "text": "#fff",
  "prefixes": [
    "402107",
    "416927",
    "416928",
    "418260",
    "418261",
    "418262",
    "446674",
    "472313",
    "489195",
    "489196",
    "510060",
    "510495",
    "512378",
    "512450",
    "516570",
    "516587",
    "518505",
    "524477",
    "526532",
    "527785",
    "527798",
    "530229",
    "531452",
    "534493",
    "534601",
    "554384",
    "559066",
    "671109",
    "671111",
    "671148",
    "671172",
    "677151"
  ]
}
