{
  "name": "Возрождение",
  "nameEn": "Bank Vozrozhdenie",
  "url": "http://www.vbank.ru/",
  "backgroundColor": "#cedae6",
  "backgroundColors": [
    "#cedae6",
    "#a4abb3"
  ],
  "backgroundLightness": "light",
  "logoStyle": "colored",
  "text": "#13427b",
  "prefixes": [
    "403184",
    "410730",
    "410731",
    "413052",
    "414035",
    "422838",
    "422839",
    "423218",
    "433102",
    "438254",
    "440399",
    "464405",
    "490736",
    "498868",
    "519333",
    "526469",
    "534254",
    "547743",
    "548308",
    "548309",
    "676397"
  ]
}
