{
  "name": "Восточный Экспресс Банк",
  "nameEn": "Eastern Express Bank",
  "url": "https://www.vostbank.ru/",
  "backgroundColor": "#004e96",
  "backgroundColors": [
    "#004e96",
    "#ee3224"
  ],
  "backgroundLightness": "dark",
  "logoStyle": "white",
  "text": "#fff",
  "prefixes": [
    "425534",
    "425535",
    "425553",
    "429015",
    "429016",
    "443884",
    "443885",
    "443886",
    "443887",
    "443888",
    "444094",
    "446320",
    "472933",
    "472934",
    "476804"
  ]
}
